{"accuracy": 1135, "loss": 2.3128802490234377, "_timestamp": 1709735921.1048796, "_runtime": 408.4529016017914, "_step": 1, "_wandb": {"runtime": 405}}