{"loss": 2.3128802490234377, "_timestamp": 1709736642.8165002, "_runtime": 439.2149922847748, "_step": 1, "_wandb": {"runtime": 436}}